{
    "parameters": [
        {
            "expr": "42.83",
            "name": "w_sub",
            "value": "42.83"
        },
        {
            "expr": "277.08",
            "name": "l_sub",
            "value": "277.08"
        },
        {
            "expr": "1.524",
            "name": "sub_thick",
            "value": "1.524"
        },
        {
            "expr": "0.035",
            "name": "copper",
            "value": "0.035"
        },
        {
            "expr": "9.82",
            "name": "spacing",
            "value": "9.82"
        },
        {
            "expr": "0.55",
            "name": "w_short",
            "value": "0.55"
        },
        {
            "expr": "144.08",
            "name": "l_short",
            "value": "144.08"
        },
        {
            "expr": "0.55",
            "name": "w_long",
            "value": "0.55"
        },
        {
            "expr": "253.33",
            "name": "l_long",
            "value": "253.33"
        },
        {
            "expr": "0.55",
            "name": "w_dipole",
            "value": "0.55"
        },
        {
            "expr": "148.08",
            "name": "l_dipole",
            "value": "148.08"
        },
        {
            "expr": "98.72",
            "name": "lambda",
            "value": "98.72"
        },
        {
            "expr": "30.07",
            "name": "feed_l",
            "value": "30.07"
        },
        {
            "expr": "0.55",
            "name": "feed_w",
            "value": "0.55"
        },
        {
            "expr": "20",
            "name": "w_add_sub",
            "value": "20"
        },
        {
            "expr": "277.08",
            "name": "l_add_sub",
            "value": "277.08"
        },
        {
            "expr": "0.55",
            "name": "w_gap",
            "value": "0.55"
        },
        {
            "expr": "3",
            "name": "l_gsp",
            "value": "3"
        },
        {
            "expr": "3",
            "name": "l_gap",
            "value": "3"
        }
    ],
    "version": 1
}