{
   "execution": {
      "classname": "SMAPowerByEmagHPCFrame",
      "libname": "SMAPowerByEmagUI"
   },
   "inputVariables": [
      {
         "name": "w_sub",
         "type": "float",
         "value": 42.83
      },
      {
         "name": "l_sub",
         "type": "float",
         "value": 277.08
      },
      {
         "name": "sub_thick",
         "type": "float",
         "value": 1.524
      },
      {
         "name": "copper",
         "type": "float",
         "value": 0.035
      },
      {
         "name": "spacing",
         "type": "float",
         "value": 9.82
      },
      {
         "name": "w_short",
         "type": "float",
         "value": 0.55
      },
      {
         "name": "l_short",
         "type": "float",
         "value": 144.08
      },
      {
         "name": "w_long",
         "type": "float",
         "value": 0.55
      },
      {
         "name": "l_long",
         "type": "float",
         "value": 253.33
      },
      {
         "name": "w_dipole",
         "type": "float",
         "value": 0.55
      },
      {
         "name": "l_dipole",
         "type": "float",
         "value": 148.08
      },
      {
         "name": "lambda",
         "type": "float",
         "value": 98.72
      },
      {
         "name": "feed_l",
         "type": "float",
         "value": 30.07
      },
      {
         "name": "feed_w",
         "type": "float",
         "value": 0.55
      },
      {
         "name": "w_add_sub",
         "type": "float",
         "value": 20.0
      },
      {
         "name": "l_add_sub",
         "type": "float",
         "value": 277.08
      },
      {
         "name": "w_gap",
         "type": "float",
         "value": 0.55
      },
      {
         "name": "l_gsp",
         "type": "float",
         "value": 3.0
      },
      {
         "name": "l_gap",
         "type": "float",
         "value": 3.0
      }
   ],
   "outputVariables": []
}