<?xml version="1.0" encoding="UTF-8"?>
<SchematicTopology Version="2.5" Seed="1" Grid="25">
    <Block Id="1" ForeignId="395997892" Class="MWSSCHEM" ImageIndex="1">
        <Size Height="150" Width="150"/>
        <Pins Distribution="Custom">
            <Pin Index="0" Port="0" BlockPosition="Left">
                <Label>1</Label>
            </Pin>
            <Ports>
                <Port Name="1" Label=""/>
            </Ports>
        </Pins>
        <Image FileName="../../3D/Model.dib" Scale="AutoFit"/>
        <Pos X="100" Y="0"/>
        <ToolTip>CST MICROWAVE STUDIO schematic block MWSSCHEM1</ToolTip>
    </Block>
</SchematicTopology>
